"date_processed","filename","title","authors","year","venue","summary_abstract","key_results","keywords","project_stage","relevance_score","potential_novelties","linked_goal","already_in_project","code_available","notes"
"2026-06-24","Djeumou et al. (2022) - Neural Networks with Physics-Informed Architectures.md","Neural Networks with Physics-Informed Architectures and Constraints for Dynamical Systems Modeling","Djeumou, Neary, Goubault, Putot, Topcu","2022","L4DC 2022 (PMLR vol 168)","Proposes physics-informed architecture embedding known dynamics terms compositionally with neural residuals, enforcing physical constraints via augmented Lagrangian with dual-ascent multiplier updates. Validated on double pendulum and Brax robots with up to 100x rollout error improvement over black-box baselines.","(1) Compositional structure outperforms black-box by 100x on rollout error. (2) Augmented Lagrangian reduces constraint violation by 4 orders of magnitude. (3) Semi-supervised enforcement on unlabeled points improves OOD generalization.","physics-informed neural networks,augmented Lagrangian,grey-box dynamics,compositional vector field,neural ODE,rigid-body dynamics","1","3","N1-Djeumou: Compositional grey-box (REJECT — already in project). N2-Djeumou: Augmented Lagrangian dual-ascent (REJECT — already in project). N3-Djeumou: Semi-supervised constraint enforcement on unlabeled points (INVESTIGATE — Goal 4).","Goal 3; Goal 1; Goal 4","no","yes — https://github.com/wuwushrek/physics_constrained_nn","Uses ReLU activations (project requires Mish/Softplus). Neural ODE integration conflicts with RNEA offline-qddot path. Simulation only; no real robot; no payload conditioning."
"2026-06-24","Liu et al. (2024) - Physics-Informed Neural Networks to Model and Control Robots.md","Physics-Informed Neural Networks to Model and Control Robots: A Theoretical and Experimental Investigation","Liu, Borja, Della Santina","2024","Advanced Intelligent Systems (Wiley) vol. 6 no. 5","PRIMARY BASELINE. Extends Lagrangian/Hamiltonian Neural Networks to handle dissipation and non-collocated actuation; proves Lyapunov stability for computed-torque+PD controller. Validated on real Franka Panda 7-DoF at 500 Hz with only 25k training samples.","(1) Prediction error 182.5 → 2.68 rad^2 vs black-box on real Franka Panda. (2) Trains on 25k samples vs 550k for black-box baseline. (3) PD-augmented computed-torque controller tracks real hardware trajectories.","Lagrangian neural networks,Hamiltonian neural networks,damping matrix,RK4 rollout loss,Lyapunov stability,Franka Panda,physics-informed neural networks","1;2;3","3","N1-Liu: RK4 rollout loss (REJECT — conflicts with RNEA grey-box architecture). N2-Liu: Cholesky dissipativity FrictionNet (KEEP — IMPLEMENTED in network/friction_net.py). N3-Liu: Lyapunov stability template (KEEP — IMPLEMENTED in controller/lyapunov_gains.py). N4-Liu: Data-efficiency benchmark — 25k samples (KEEP — IMPLEMENTED as --max_samples flag).","N1: Goal 4; N2: Goal 3; N3: Goal 2; N4: Goal 1","no","no — data available on request from authors","PRIMARY BASELINE. Gaps vs project: no URDF automation; 500 Hz only (not 1 kHz); no payload conditioning; no sim-to-real protocol; no torque-limit constraints in loss. Implemented in JAX/Haiku not PyTorch."
"2026-06-25","184_One_Model_to_Drift_Them_Al.md","One Model to Drift Them All: Physics-Informed Conditional Diffusion Model for Driving at the Limits","Djeumou, Lew, Ding, Thompson, Suminaka, Greiff, Subosits","2024","CoRL 2024","Conditional diffusion model predicts tire friction parameters for vehicles drifting at friction limits; hierarchical rate-decoupled system runs diffusion at 2 Hz and MPC at 200 Hz on a Toyota Supra and Lexus LC500.","(1) Drift tracking lateral RMSE 0.19-0.82 m matching per-vehicle expert models. (2) Adapts to wet surfaces with only 7 additional trajectories. (3) 200 Hz MPC on laptop CPU without prior per-vehicle calibration.","conditional diffusion model,neural SDE,physics-informed dynamics,online adaptation,MPC,autonomous drifting,tire model","2;4","0","N1-Djeumou-CoRL: Hierarchical rate decoupling (REJECT — vehicle-specific, incompatible). N2-Djeumou-CoRL: Diffusion-based payload estimation (REJECT — no implementation path).","N1: Goal 2 (weak); N2: Goal 4 (weak)","no","no — video only; no public code","DOMAIN MISMATCH: wheeled vehicle drifting. No joint torques, no RNEA, no augmented Lagrangian. Control at 200 Hz (not 1 kHz). All novelties require major domain transfer from vehicles to manipulators."
"2026-06-25","Duong et al. (2024) Port-Hamiltonian Neural ODE Networks on Lie.md","Port-Hamiltonian Neural ODE Networks on Lie Groups For Robot Dynamics Learning and Control","Duong, Altawaitan, Stanley, Atanasov","2024","IEEE Transactions on Robotics","Port-Hamiltonian neural ODE on matrix Lie groups with separate Cholesky-factored sub-networks for inertia, dissipation, potential energy and input matrix; energy conservation guaranteed by structure. Validated on pendulum simulation and real PX4 quadrotor with 100-step payload fine-tuning.","(1) 125x lower training loss vs black-box MLP; 0.008 rad vs 1.02 rad rollout error on pendulum. (2) Geometric constraints near machine precision. (3) 100-step fine-tuning recovers payload tracking accuracy. (4) ~400 Hz inference (2.5 ms/step on i9 CPU).","port-Hamiltonian,Lie group,SE(3),neural ODE,Cholesky decomposition,energy conservation,dissipation network,IDA-PBC,quadrotor","1;3","1","N1-Duong: Cholesky L L^T + eps*I for PD inertia (INVESTIGATE — folded into N2-Liu FrictionNet design, diagonal case adopted). N2-Duong: Separate dissipation sub-network (REJECT — duplicate of N1-Duong). N3-Duong: 100-step payload fine-tuning protocol (KEEP — IMPLEMENTED in training/fine_tune.py).","N1: Goal 3; N2: Goal 3; N3: Goal 4","no","yes — https://thaipduong.github.io/LieGroupHamDL","Validated on UAVs and pendulum only (not serial manipulators). Neural ODE requires differentiable solver (conflicts with RNEA offline-qddot path). Tanh activations violate Mish/Softplus rule. ~400 Hz inference below 1 kHz target."
"2026-06-25","Trajectory_Control_of_Multi-Axis_Robotic_Arms_Based_on_Physics-Informed_Neural_Networks_and_Nonlinear_Model_Predictive_Control.md","Trajectory Control of Multi-Axis Robotic Arms Based on Physics-Informed Neural Networks and Nonlinear Model Predictive Control","Yiqing Wang, Changqing Xia, Xi Jin, Chi Xu, Yanzhu Zhang","2024","2024 China Automation Congress (CAC), IEEE","Discrete PINN trained on Sobol quasi-random synthetic data with trapezoidal physics residual, feeding an EKF-augmented NMPC for trajectory control of a 3-DOF planar arm in simulation.","(1) Position RMSE < 0.05 rad and velocity RMSE < 0.02 rad/s vs prior PINN-MPC. (2) Sobol 65k synthetic samples without any real measurements. (3) Trapezoidal predictor-corrector at Dt=0.05s (20 Hz) inside physics loss.","Sobol sequence,NMPC,EKF,discrete PINN,trapezoidal integration,trajectory control,data-scarce training","2;3","1","N1-WangCAC: Sobol quasi-random sampling for data generation (INVESTIGATE — revisit when Isaac Sim data pipeline exists). N2-WangCAC: Trapezoidal physics residual (REJECT — same qddot conflict as N1-Liu). N3-WangCAC: EKF state estimator (REJECT — matrix inversion incompatible with 1 kHz loop).","N1: Goal 1; N2: Goal 3; N3: Goal 2","no","no — no public repository","Simulation only on 3-DOF planar arm. ReLU activations; black-box PINN (no RNEA white-box term); no URDF automation; Dt=0.05s (20 Hz) far below 1 kHz. EKF per-step matrix inversion incompatible with sub-ms 1 kHz loop."
"2026-06-25","Wang et al. (2025) - Symplectic Physics-Embedded Learning (SPEL).md","Symplectic Physics-Embedded Learning via Lie Groups Hamiltonian Formulation for Serial Manipulator Dynamics Prediction","Fei Wang, Liping Chen, Jianwan Ding","2025","Scientific Reports (Nature) vol. 15 art. 33179","SPEL encodes Lie-group Hamiltonian structure with four sub-networks and physics-driven sparsity masks on dissipation/mass matrices, reducing PHNODEs parameters by 52% and training time 4.7x on a real 6-DoF arm. A KAN variant further reduces parameters but shows 14% overfitting on real hardware.","(1) 80% parameter reduction vs PHNODEs on 2-link sim; 5.8x faster training. (2) Real 6-DoF: 52.1% fewer params, 69.1% lower velocity prediction error. (3) KAN variant 14% overfitting gap on real hardware vs 9.8% for SPEL.","Lie group,port-Hamiltonian,symplectic,sparse matrix,Cholesky decomposition,neural ODE,KAN,serial manipulator","1;3","1","N1-SPEL: Sparsity masks on friction/mass matrices for revolute joints (INVESTIGATE — folded into N2-Liu FrictionNet; diagonal D adopted). N2-SPEL: Trainable URDF inertia constants (REJECT — violates RNEA-intact invariant). N3-SPEL: KAN activations (REJECT — violates Mish/Softplus rule; 14% overfitting on real data).","N1: Goal 3; N2: Goal 1; N3: Goal 3","no","no — data available on request","Forward Neural ODE system (incompatible with RNEA offline-qddot path). Validated on 2-link sim and real 6-DoF (not Franka 7-DoF). Tanh activations violate project constraint. No URDF automation; no payload conditioning; no torque limits."
"2026-06-25","1-s2.0-S1568494624006513-am.md","Physics informed machine learning model for inverse dynamics in robotic manipulators","Deng, Ardiani, Nguyen, Benoussaad, Medjaheri","2024","Applied Soft Computing (Elsevier) vol. 163 art. 111978","E2NN encodes robot inverse-dynamics sub-terms (sin/cos neurons, polynomial products, linear combinations) as hard structural network layers, plus a recurrent Liquid gating mechanism for adaptation. Validated on a single joint of a KUKA LBR iiwa in simulation and real hardware.","(1) Real hardware MSE 0.00103 vs DRSN 0.00314 (3x improvement). (2) Distribution-shift robustness: MSE 0.3 vs DRSN 1.1 (9x better). (3) 16% fewer params than DRSN, 15% faster inference. Single-DOF only.","equation-embedded neural network,physics-informed architecture,inverse dynamics,liquid mechanism,structural constraint,KUKA iiwa,gating unit","1","1","N1-E2NN: Structural sub-term embedding (REJECT — 1-DoF only; manual per-robot derivation conflicts with Goal 1 automation). N2-E2NN: Liquid gating mechanism (REJECT — recurrent hidden state + tanh/sigmoid activations violate project constraints).","N1: Goal 3; N2: Goal 4","no","no — no public code","Single joint only (1-DoF); manual per-robot symbolic derivation conflicts with Goal 1. Liquid gating: recurrent state incompatible with 1 kHz stateless inference; tanh/sigmoid forbidden. Data downsampled to 50 Hz."
"2026-06-25","2403.05765v1.md","Physics-informed Neural Motion Planning on Constraint Manifolds","Ni, Qureshi","2024","ICRA 2024","C-NTFields extends Eikonal-PDE neural planning to kinematic constraint manifolds with a compound speed model, enabling expert-data-free constrained motion planning 15-48x faster than classical baselines on a 6-DoF UR5e.","(1) Planning time 0.05-0.15 s vs 0.06-6.77 s for CBiRRT. (2) Training data generation in seconds vs hours for CBiRRT-based methods. (3) Real UR5e: 92-100% success on door/cup manipulation tasks.","constrained motion planning,Eikonal equation,NTFields,constraint manifold,kinematic constraints,collision avoidance,6-DOF manipulator","2","1","N1-CMP: Eikonal PDE constrained planner (REJECT — CLAUDE.md mandates simple MoveIt2 for Stage 2). N2-CMP: Negative-exponential speed model (REJECT — planning domain, no link to dynamics loss).","N1: Goal 1; N2: Goal 2","no","no — no public repository","Pure Stage 2 motion planning paper. Zero overlap with Stage 1 RNEA+GreyBoxNet+AugLagrangian dynamics. Validated on UR5e (6-DoF) not Franka (7-DoF). Stage 2 must stay simple MoveIt2 per CLAUDE.md."
"2026-06-25","2410.09883v2.md","Physics-informed Neural Mapping and Motion Planning in Unknown Environments","Yuchen Liu, Ruiqi Ni, Ahmed H. Qureshi","2024","IEEE Transactions on Robotics (RA-L)","Active NTFields learns a neural arrival-time field (Eikonal PDE) online from streaming depth/lidar in unknown environments; a log-squared factorization cuts training 72x vs P-NTFields. Plans in <30 ms on 6-DoF arms without expert demonstrations.","(1) Trains 72x faster than P-NTFields (15 s vs 18 min). (2) Planning 0.01 s at 98% success in indoor environments. (3) Real UR5e: 0.03 s, 91% success, ~40x faster than LazyPRM.","Eikonal equation,arrival time field,active exploration,online mapping,physics-informed planning,6-DOF manipulator","2","1","N1-NTF: Active sensing Eikonal planner (REJECT — Stage 2 stays simple MoveIt2). N2-NTF: Log-squared arrival-time factorization (REJECT — Eikonal-specific trick, no link to dynamics loss).","N1: Goal 1; N2: Goal 3 (weak)","no","yes — https://github.com/Rtlyc/antfields-demo","Same Purdue NTFields group as C-NTFields (incremental extension). Pure Stage 2 planning paper. Validated on UR5e (6-DoF) and TurtleBot4, not Franka 7-DoF."
"2026-06-25","2503.17973v1.md","PhysTwin: Physics-Informed Reconstruction and Simulation of Deformable Objects from Videos","Jiang, Hsu, Zhang, Yu, Wang, Li","2025","CVPR 2025","PhysTwin reconstructs interactive digital twins of deformable objects (ropes, cloth, packages) from sparse RGB-D video using spring-mass physics fitting and Gaussian splatting appearance model. Generalizes to unseen interaction types in real time.","(1) Chamfer distance 0.005 vs GS-Dynamics 0.014 (2x better reconstruction). (2) GNN trained on 30x more data still underperforms PhysTwin. (3) Generalizes to unseen interactions (CD 0.013 vs 0.029 for GS-Dynamics).","digital twin,deformable objects,spring-mass model,Gaussian splatting,physics-informed reconstruction,non-rigid dynamics,video","none","0","none — no applicable novelties","none","no","no — project page only; no training code released","DOMAIN MISMATCH: deformable bodies, spring-mass, Gaussian splatting. No rigid-body dynamics, no RNEA, no joint torques, no URDF, no augmented Lagrangian. Relevance 0."
"2026-06-25","ssrn-4542725.md","Physics informed machine learning model for inverse dynamics in robotic manipulators (SSRN preprint)","Deng, Ardiani, Nguyen, Benoussaad, Medjaheri","2023","SSRN preprint (published as Applied Soft Computing vol. 163 art. 111978, 2024)","DUPLICATE of Deng et al. (2024) Applied Soft Computing row (1-s2.0-S1568494624006513-am.md). Identical content: E2NN structural sub-term embedding + Liquid gating on a single KUKA iiwa joint.","See Deng et al. (2024) Applied Soft Computing row — all results identical.","equation-embedded neural network,physics-informed architecture,inverse dynamics,liquid mechanism,structural constraint,KUKA iiwa","1","1","N1-E2NN-ssrn and N2-E2NN-ssrn: DUPLICATE of N1-E2NN / N2-E2NN — both REJECT (same reasons).","N1: Goal 3; N2: Goal 4","no","no — no public code","DUPLICATE of 1-s2.0-S1568494624006513-am.md. Logged for traceability only. All novelty assessments identical to the published version row."
"2026-06-25","2605.12790v1.md","Few-Shot Physics-Informed Neural Network for Shape Reconstruction of Concentric-Tube Robots","Feizi, Pedrosa, Patel, Jayender","2025","arXiv preprint 2605.12790 (submitted May 2025)","Proposes a PINN for real-time forward kinematics of a 6-DoF concentric-tube robot (CTR) in free space, embedding Cosserat rod differential equations and boundary conditions into the training loss alongside a small experimental tip-position dataset. Trained first on synthetic Cosserat solutions then fine-tuned on 500 real measurements, the MLP achieves below 1% backbone shape error while providing deterministic forward-pass runtime versus the variable-cost iterative BVP solver it replaces.","(1) Mean backbone shape error < 1% of robot length on simulated test set; maximum < 2.5%. (2) Terminal-point position error < 1% of arc-length using only 500 real experimental observations vs tens of thousands needed by pure DNN. (3) PINN runtime nearly constant across actuation configurations; Cosserat shooting-method runtime varies by over an order of magnitude. (4) L-BFGS optimizer outperforms Adam by several orders of magnitude on the ill-conditioned PINN loss landscape.","concentric-tube robot,Cosserat rod,few-shot learning,forward kinematics,physics-informed neural networks,continuum robot,boundary value problem,L-BFGS,shape reconstruction","none","0","none — no applicable novelties (domain mismatch: continuum surgical robot using Cosserat BVP; no RNEA, no joint torques, no rigid-body inverse dynamics)","none","no","no — no public repository","DOMAIN MISMATCH: continuum concentric-tube surgical robot; physics are Cosserat rod PDE (not RNEA rigid-body). No joint torques, no URDF, no augmented Lagrangian, no 7-DoF serial manipulator. Activations: tanh (forbidden). Task is static shape reconstruction, not inverse dynamics. Two-stage sim-then-real training is structurally analogous to N3-Duong already implemented, but domain transfer is zero. Relevance 0."
"2026-06-25","1-s2.0-S0921889026001673-main.md","AdaKineNet: Adaptive Kinematic Neural Network for inverse kinematics of redundant mobile manipulators","Fang, Chen (Min), Chen (Yaran), Wang, Wu, Zhang, Lim","2026","Robotics and Autonomous Systems (Elsevier) vol. 202 art. 105494","AdaKineNet is a physics-informed encoder-decoder network that solves inverse kinematics for a 10-DoF mobile manipulator by embedding forward kinematics and Jacobian consistency via automatic differentiation into its loss function. A learnable weighting sub-network dynamically balances the data-driven, Jacobian-consistency, and joint-limit penalty terms during training, removing the need for manual lambda tuning. Validated in simulation and on real hardware, it achieves 0.91 mm mean position error, 0.75% joint-limit violation rate, and 41.5 ms CPU inference latency.","(1) 56-59% lower position error vs ANN/CNN/LSTM/numerical IK (0.91 mm vs ~2.1 mm). (2) Joint-limit violations 0.75% vs 48-61% for pure data-driven baselines. (3) 41.5 ms CPU inference vs 26,004 ms for Python Levenberg-Marquardt. (4) 98.2% task success rate on 10-DoF prototype hardware. (5) Adaptive Softmax loss-weight sub-network converges 30% faster than fixed-weight baselines.","inverse kinematics,adaptive loss weighting,Jacobian consistency,Softplus joint limits,physics-informed neural network,modular architecture,redundant manipulator,mobile manipulator","none","0","N1-AdaKineNet: Learnable homoscedastic uncertainty weighting sub-network (Softmax over gradient std devs) for multi-term PINN loss balancing (REJECT -- IK domain not inverse-dynamics domain; project augmented Lagrangian already balances loss terms). N2-AdaKineNet: Jacobian consistency loss via automatic differentiation over forward kinematics (REJECT -- not applicable to RNEA torque grey-box architecture).","none","no","no -- data available on request","DOMAIN MISMATCH: solves inverse kinematics (pose-to-joint-angle mapping), not inverse dynamics (torque prediction). No RNEA, no torque residual, no augmented Lagrangian, no payload conditioning, no sim-to-real protocol. Uses ReLU activations in main MLP (violates Mish/Softplus rule). 10-DoF mobile manipulator is not Franka Panda 7-DoF. Adaptive loss weighting idea (N1) is architecturally interesting but the augmented Lagrangian dual-ascent already in constraints.py serves the same role. Zero applicable novelties for any goal.md objective."
"2026-06-25","140_When_Does_Physics_Help_A_S.md","When Does Physics Help? A Systematic Study of Physics-Guided Learning for Robotic Contact Dynamics","Prabhakar, Joshi, Dandekar, Dandekar, Panat","2026","ICLR 2026","Systematic empirical study comparing data-only, PINN (ODE-residual equality), and PINN+inequality-penalty models for soft contact dynamics parameterized by a material-conditioned first-order ODE (LuGre-inspired). Physics constraints provide negligible benefit in data-rich regimes but reduce force errors by up to 53% and Coulomb violations by 68% in sparse supervision regimes. A Universal Differential Equation (UDE) variant recovers latent damping coefficients solely from dynamics residuals without per-material supervision.","(1) Sparse regime: PINN+penalty reduces normal force MAE 199->117 N (41%) and Coulomb violations 51%->8.6%. (2) Zero-shot material transfer: 14-29% error reduction vs data-only baseline using 0% per-material training data. (3) Temporal extrapolation: physics HURTS by +6-10% (deliberate negative result). (4) UDE recovers damping coefficients with 1.2-16.3% error; zero-shot material at 5.5% error.","contact dynamics,physics-informed neural networks,UDE,friction cone,inequality constraints,sparse supervision,material generalization,soft contact,LuGre","1;4","1","N1-WhenPhysics: Disentangled equality+inequality constraint scheduling -- apply ODE residuals first then add Coulomb cone penalty only when physical admissibility required (INVESTIGATE -- serves Goal 3 augmented Lagrangian loss design). N2-WhenPhysics: Momentum-smoothed adaptive residual weight balancing (beta=0.95 EMA of per-residual RMS across heterogeneous-unit physics losses) (INVESTIGATE -- serves Goal 3 loss stability). N3-WhenPhysics: Two-stage UDE frozen-backbone latent parameter discovery (REJECT -- soft-contact domain-specific; already covered by N3-Duong sim-to-real protocol).","N1: Goal 3; N2: Goal 3; N3: Goal 4","no","no","Soft contact dynamics only (LuGre ODE on normal/tangential force and bristle state) -- NOT rigid-body inverse dynamics. No RNEA, no joint torques, no URDF, no 7-DoF arm. Synthetic data only; no real robot. Swish activations throughout (violates Mish/Softplus rule). Core finding (physics helps most under sparse data) is directionally consistent with project assumptions but evidence base is entirely a different domain."
"2026-06-26","frobt-12-1752595.md","Automating PINN-based kinematic resolution of robotic joints using robotic process automation frameworks","Agrawal, Sekar, Kushwaha","2026","Frontiers in Robotics and AI vol. 12 art. 1752595","This paper proposes a framework that uses Robotic Process Automation (RPA) as an orchestration layer to automate the training and deployment of a PINN for solving inverse kinematics of a 2R planar robot. The PINN embeds forward-kinematics equations as a physics constraint in the loss function -- enabling more stable joint-angle predictions near kinematic singularities than Jacobian-based inversion or pure FNN baselines. The RPA tool (Robot Framework) bridges the trained PINN to ROS2 subscribers to publish computed joint angles directly to servo motors with no manual intervention.","(1) PINN 96.2% accuracy (RMSE 0.85 deg) vs FNN 91.5% (RMSE 2.1 deg) on 2R inverse kinematics. (2) Physics constraint provides 3x better noise robustness under Gaussian noise sigma=0.5 (RMSE 1.5 deg vs 4.5 deg for FNN). (3) End-to-end RPA-ROS2 loop latency ~40.5 ms total (PINN inference 2 ms). (4) Smooth continuous predictions near kinematic singularities where Jacobian-based solver diverges.","inverse kinematics,PINN,RPA,ROS2,forward kinematics constraint,workflow automation,singularity robustness,2R planar robot","none","0","N1-frobt: RPA-as-orchestration-layer for PINN training and ROS2 deployment (REJECT -- IK domain incompatible with RNEA dynamics; Python pipeline already exists; no transferable architecture).","none","no","no -- data available on request per authors","DOMAIN MISMATCH: solves 2R planar inverse kinematics (joint angles from end-effector position) not inverse dynamics (torque prediction). No RNEA, no torque residual, no augmented Lagrangian, no payload conditioning. Total loop latency ~40.5 ms (~25 Hz) far below 1 kHz control target. Validated in simulation only on a 2-joint planar arm. RPA orchestration is a domain-agnostic workflow tool with no insights for dynamics learning. No novel physics embedding beyond standard FK-residual loss already implemented in project."
"2026-06-26","fagro-8-1764002.md","Hybrid LSTM-edge correction architecture for physics-informed crop health monitoring in distributed agricultural robotics","Rongchuan Yu, Yongsheng Xie, Rifeng Wang, Wenxin Li","2026","Frontiers in Agronomy vol. 8 art. 1764002","A two-tier distributed system places lightweight LSTM networks on field robots for initial crop stress probability estimates and routes these to edge servers running physics-informed neural networks that enforce soil-plant-atmosphere continuum PDEs. A Fourier Neural Operator replaces the standard PINN solver at the edge claiming a 15x speedup over conventional PINN solvers while producing a 210 ms end-to-end latency. Validated on two real-farm datasets (soybean and citrus) from 50-hectare Chinese field deployments.","(1) F1-score 0.89+-0.02 (soybean) and 0.83+-0.03 (citrus), 18% above standalone LSTM baseline. (2) End-to-end latency 210 ms at 5.1 J per prediction, 72.8% lower energy than cloud PINN at 980 ms. (3) Six-month field deployment: 22% reduction in irrigation water use, 18% fewer pesticide applications, 95% system uptime.","LSTM,physics-informed neural networks,Fourier neural operator,edge computing,crop health monitoring,distributed agricultural robotics,biophysical PDEs,soil-plant-atmosphere continuum","none","0","none — complete domain mismatch; no applicable novelties for robot arm dynamics pipeline","none","no","partial — https://github.com/gxstnu/hybrid-lstm-edge (upon paper acceptance)","DOMAIN MISMATCH: precision agriculture / crop health monitoring. PINN enforces soil-plant-atmosphere continuum PDEs (water transport, nutrient dynamics) not rigid-body inverse dynamics. 210 ms latency is 210x too slow for 1 kHz control target. LSTM uses sigmoid gates (forbidden activation). FNO uses GELU activations (not Mish/Softplus). No joint torques, no RNEA, no augmented Lagrangian, no URDF, no 7-DoF manipulator. Relevance 0."
"2026-06-26","PINN-Based_Predictive_Control_Combined_With_Unknown_Payload_Identification_for_Robots_With_Prismatic_Quasi-Direct-Drives.md","PINN-Based Predictive Control Combined With Unknown Payload Identification for Robots With Prismatic Quasi-Direct-Drives","Li, Chen, Chai, Zhao (H), Zhao (Y), Han, Luo","2025","IEEE Robotics and Automation Letters vol. 10 no. 11 November 2025","Proposes OPI-PINNPC, a unified control framework for QDD-driven robots under unknown payloads that chains an online payload identification (OPI) module to a PINN-based state predictor inside an NMPC loop. OPI estimates payload mass and center-of-mass offset from joint current signals and embeds these identified parameters into the physics-informed loss at training time, making the PINN inherently payload-aware. Hardware experiments on a 3-DoF QDD manipulator and a 12-DoF quadruped demonstrate 35% tracking accuracy improvement over the prior adaptive-control baseline across payload ranges of 2-100 kg at a 100 Hz control rate.","(1) 35% improvement in position and orientation tracking vs ACQL baseline (25-100 kg payload range on quadruped). (2) PINN inference latency 2.3 ms + OSQP solver 4.8 ms = 7.1 ms total (100 Hz loop). (3) Data-only ablation: 25.2% higher position RMSE vs OPI-PINNPC on sparse-data manipulation test. (4) Training converges to 1e-4 total loss over 5000 Adam+L-BFGS epochs. (5) Validated on real QDD hardware: 3-DoF manipulator (20:1 gear ratio) and 50 kg quadruped with up to 100 kg payload.","online payload identification,PINN,NMPC,quasi-direct-drive,payload conditioning,physics-informed loss,OSQP,QDD manipulator,quadruped locomotion","2;3","1","N1-PayloadPINN: Online payload estimation from QDD current into physics loss (REJECT — QDD-specific; Franka high-reduction motors incompatible; single rigid body ODE not RNEA serial chain). N2-PayloadPINN: Payload-augmented white-box RNEA by adding virtual end-effector payload link to Pinocchio model parametrized by known delta at training time — reduces tau_res burden and makes white-box payload-aware without modifying RNEA code (INVESTIGATE — Goal 1). N3-PayloadPINN: PINN surrogate inside NMPC loop (REJECT — 100 Hz cycle far below 1 kHz Goal 2; Stage 2 uses MoveIt2 per CLAUDE.md).","N1: none; N2: Goal 1; N3: Goal 2","no","no","Platform mismatch: 3-DoF QDD manipulator + 12-DoF quadruped vs Franka 7-DoF all-revolute serial chain. ReLU activations explicitly stated (violates Mish/Softplus rule). Single rigid body ODE not RNEA serial chain. 100 Hz control rate far below 1 kHz Goal 2. No URDF automation. No augmented Lagrangian. QDD payload ID from current signals inapplicable to Franka high-reduction gearbox."
"2026-06-26","Modeling_and_Compensation_of_Backlash-Induced_Dynamics_Error_in_Industrial_Robots_With_a_PINN-Based_Approach.md","Modeling and Compensation of Backlash-Induced Dynamics Error in Industrial Robots With a PINN-Based Approach","Hongbo Hu, Zhongkai Zhang, Chungang Zhuang","2026","IEEE/ASME Transactions on Mechatronics","Presents a three-stage PINN framework to detect, classify, and compensate gear backlash torque errors in 6-DoF serial robots. A Temporal Convolutional Network (TCN) localises and categorises backlash events (reversal vs. start-stop) from historical joint kinematics; a separate MLP maps joint state and error category to parameters of Gaussian basis functions that describe the error envelope, enabling online compensation without explicit gear-mesh contact modeling. Validated on two real 6-DoF industrial robots achieving 34-46% average torque-error reduction versus five competing methods.","(1) Average joint torque-error RMSE reduction 45.93% on SIASUN SN7B and 34.19% on ROKAE XB7S versus best competing method. (2) Inference time 6.69e-07 s per sample on Beckhoff i7-7700 CPU -- sub-microsecond and well within 1 kHz budget. (3) Backlash-induced error shows negligible payload dependence across 0-7 kg payloads; magnitude and duration governed by motion state not load level. (4) Dataset publicly released via Google Drive [32].","backlash compensation,gear backlash,temporal convolutional network,Gaussian basis functions,PINN,torque error,industrial robot dynamics,error detection,direction reversal,start-stop error","1","1","N1-BacklashPINN: Amplitude-weighted PINN loss (omega_i = residual_sq + sigma) to upweight sparse high-magnitude error peaks (REJECT -- backlash-peak-specific; Franka harmonic drives exhibit minimal backlash; redundant with N2-WhenPhysics EMA diagnostic already in training/train.py). N2-BacklashPINN: Indirect error-shape parameterisation -- predict Gaussian basis function parameters rather than raw residual values (REJECT -- requires TCN event-detector and labeled backlash windows; incompatible with continuous tau_res learning). N3-BacklashPINN: TCN with dilated convolutions for temporal error classification from sliding kinematic window (REJECT -- recurrent window conflicts with stateless 1 kHz inference; backlash-event labeling pipeline unavailable for Franka).","none","no","partial -- dataset at https://drive.google.com/drive/folders/1S8BZc__gJeAV8GpH7tZW9d_0RL7xOezY?usp=sharing (data only; no model code)","Validated on 6-DoF SIASUN/ROKAE industrial robots only (not Franka 7-DoF). Base dynamics framework uses ReLU (Lutter et al. deep Lagrangian network) -- violates Mish/Softplus invariant. All three novelties rejected: the backlash-specific pipeline (TCN event detector + labeled reversal/start-stop events + Gaussian event model) cannot fold into continuous tau_res learning without full redesign. Franka harmonic drives have characteristically low backlash so the core problem this paper solves is largely absent for the project robot. Key experimental finding -- backlash error is payload-independent and primarily motion-state-dependent -- validates that RNEA handles load-dependent inertia/Coriolis/gravity correctly and any residual is a motion-state effect captured by tau_res; but this yields no implementation-ready novelty."
"2026-06-27","1-s2.0-S0306261924025534-main.md","A review of physics-informed machine learning for building energy modeling","Zhihao Ma, Gang Jiang, Yuqing Hu, Jianli Chen","2025","Applied Energy 381 (2025) 125169","This review surveys PIML methods for Building Energy Modeling (BEM), classifying approaches into four paradigms: physics-informed inputs, physics-informed loss functions, physics-informed architectural design, and physics-informed ensemble models. The work examines 31 representative studies from 2018-2024 on embedding thermal physics (heat transfer, RC thermal networks, HVAC energy balance) into ANNs, RNNs, and GNNs. Domain adaptation via subspace alignment (SDA) is highlighted as a key technique for bridging simulation-to-observation gaps in building thermal prediction.","(1) Four PIML paradigms for BEM identified and compared across 31 studies. (2) SDA domain adaptation reduces CV-RMSE by 20-70% vs pure RC models when simulation-observation mismatch exists. (3) Physics-informed ensemble models achieve 40-90% accuracy improvement over pure physics-based models using only 10% annual training data. (4) Physics-informed loss constraints yield indoor temperature MAE below 0.25 C for control-oriented building modeling.","building energy modeling,HVAC,thermal dynamics,physics-informed machine learning,RC thermal model,domain adaptation,ensemble learning,indoor temperature prediction","none","0","none — complete domain mismatch (BEM thermal physics; no RNEA, no joint torques, no robot arm dynamics applicable to any goal.md objective)","none","no","no","DOMAIN MISMATCH: Building energy modeling (thermal/HVAC). All physics are thermal (heat transfer, HVAC, RC circuits) not rigid-body dynamics. ML architectures include LSTM/GRU/GAN with sigmoid/tanh gates (violates CLAUDE.md Mish/Softplus rule). No RNEA, no joint torques, no augmented Lagrangian, no URDF, no 7-DoF serial manipulator. Survey paper only -- no implementation code. Relevance 0."
"2026-06-27","1-s2.0-S1877750325001103-main(1).md","Physics-informed neural networks for compliant robotic manipulators dynamic modeling","Zhiming Li, Shuangshuang Wu, Wenbai Chen, Fuchun Sun","2025","Journal of Computational Science 90 (2025) 102633","Proposes DeLaN-FFNN, an augmented deep Lagrangian network combining a structured physics-informed DeLaN sub-model (learned mass matrix, gravity, Coriolis) with a standard feed-forward network that captures uncertain forces from elastic actuators, non-linear friction, and mechanical flexibility in compliant manipulators. The mass matrix is constrained positive-definite via Cholesky decomposition H = L L^T + eI; the loss adds a lambda-penalty on the uncertainty residual to prevent it from dominating the DeLaN contribution. Validated on real Baxter Robot (7-DoF SEA) and Barrett WAM (cable-driven) plus a simulated 3-DoF rigid arm.","(1) R2=0.999 on Barrett WAM (matching black-box FF-NN) vs structured DeLaN R2=0.943. (2) Baxter Robot generalization: DeLaN-FFNN R2=0.986-0.997 across 3 unseen test trajectories outperforming all baselines including DeLaN-Friction. (3) Velocity extrapolation: DeLaN-FFNN maintains accuracy at 2.5x velocity scale where FF-NN and black-box models fail. (4) Data efficiency: lower MSE than FF-NN with fewer training trajectories. (5) Covariance-weighted (Mahalanobis) MSE normalizes per-joint torque scale differences across 7 joints.","compliant robot,DeLaN-FFNN,deep Lagrangian network,Cholesky mass matrix,uncertain forces,elastic actuator,SEA,Barrett WAM,Baxter Robot,grey-box dynamics,Mahalanobis loss,residual regularization","1","2","N1-CompliantPINN: Lambda-penalty on tau_res magnitude (add lambda*||tau_res||^2 to training loss) to enforce RNEA dominance and prevent residual network from absorbing full dynamics (INVESTIGATE -- Goal 3; low effort). N2-CompliantPINN: Static covariance-weighted MSE (W = inv(diag(var(tau_training)))) for 87/12 Nm torque scale imbalance (REJECT -- weaker than adaptive N2-WhenPhysics EMA already under investigation; synthetic diagnostic ratio 1.0x so gated anyway).","N1: Goal 3; N2: Goal 3","no","no","Architecture DeLaN-FFNN (learned Lagrangian + FF-NN residual) is structurally identical to project grey_box_net (RNEA + tau_res) validating design. Cholesky mass matrix already addressed via N1-Duong/N2-Liu. Activations: ReLU (Baxter) and Tanh (Barrett WAM and 3-DoF) both violate Mish/Softplus constraint. Validated on compliant manipulators (SEA springs and cable drives) not Franka harmonic-drive gearbox. No URDF automation; no payload conditioning; no sim-to-real protocol; no augmented Lagrangian torque limits; no inference latency reported. Purely offline training and evaluation."
"2026-06-27","2407.05886v3.md","Rod models in continuum and soft robot control: a review","Carlo Alessi, Camilla Agabiti, Daniele Caradonna, Cecilia Laschi, Federico Renda, Egidio Falotico","2024","arXiv preprint 2407.05886v3 (under review at IEEE Transactions on Robotics)","A vertical survey reviewing four principal elastic rod theories (Cosserat-Reissner, Kirchhoff-Love, Euler-Bernoulli, Timoshenko) as modeling frameworks for continuum and soft robots. The paper classifies rod-based models by nine deformation-mode classes and surveys model-based and RL-based control strategies.","(1) Nine deformation-mode classes across soft-robot morphologies. (2) Cosserat rod theory captures all 6 strain modes (bending, torsion, shear, elongation). (3) GVS Strain Parameterization yields a Lagrangian EoM suitable for classical control. (4) RL controllers on rod-model simulators achieve contact-rich manipulation without inference-latency benchmarks for 1 kHz.","continuum robot,soft robot,Cosserat rod theory,Kirchhoff rod,Euler-Bernoulli,Timoshenko,GVS,Strain Parameterization,deformation modes,model-based control,reinforcement learning,soft manipulator","none","0","none -- complete domain mismatch; all physics are elastic-rod PDEs for deformable bodies not rigid-body RNEA for serial manipulators","none","no","partial -- SoRoSim (open-source) and PyElastica (open-source) referenced as simulators","DOMAIN MISMATCH: continuum and soft robot mechanics (Cosserat rod PDEs, deformable elastic rods, pneumatic and cable actuation). No RNEA, no joint torques for rigid serial manipulators, no augmented Lagrangian, no URDF automation, no payload conditioning. RL section targets deformable-body shape control not torque residual learning for rigid arms. Survey paper with no implementations applicable to Franka Panda dynamics. Relevance 0."
"2026-06-27","Data-Driven_Methods_Applied_to_Soft_Robot_Modeling_and_Control_A_Review.md","Data-Driven Methods Applied to Soft Robot Modeling and Control: A Review","Zixi Chen, Federico Renda, Alexia Le Gall, Lorenzo Mocellin, Matteo Bernabei, Théo Dangel, Gastone Ciuti, Matteo Cianchetti, Cesare Stefanini","2025","IEEE Transactions on Automation Science and Engineering (TASE) vol. 22 2025","A comprehensive survey of data-driven techniques for modeling and control of soft robots (deformable continuum robots, pneumatic/cable-driven/SMA systems) organized around three paradigms: statistical regression (SVR/GPR/LWPR/GMM/EKF), neural networks (ELM/RBF/MLP/RNN/LSTM/CNN/AE), and reinforcement learning. Physical simulation models (FEM, Cosserat rod, PCC, concentric tube) and Jacobian matrix linearization are introduced as foundational tools that motivate and enable the data-driven approaches. All modeled systems have infinite degrees of freedom, hysteresis, and deformable mechanics fundamentally distinct from rigid-body serial-chain inverse dynamics.","Statistical methods need moderate data and achieve moderate control frequency; one model reusable for modeling and control but local models lack generalization. Neural networks generalize broadly but require large datasets and slow online updates. RL achieves complex high-level tasks but demands the most data and computation requiring real or simulated exploration. No single category dominates across accuracy, frequency, and data requirements simultaneously.","soft robot,data-driven methods,Cosserat rod,FEM,Jacobian matrix,GPR,reinforcement learning,continuum robot,hysteresis,deformable body","none","0","none -- complete domain mismatch; no applicable novelties for any goal.md objective","none","no","no -- website https://sites.google.com/view/23zcb (literature list only; no code)","DOMAIN MISMATCH: review of soft robot data-driven methods (pneumatic/cable-driven/SMA/continuum robots). All physics are deformable-body models (FEM/Cosserat rod/PCC); no RNEA, no rigid-body inverse dynamics, no joint torques, no URDF, no augmented Lagrangian. No applicable novelties for any goal.md objective. Structurally analogous to rod-models review (2407.05886v3.md) already logged at relevance 0."
"2026-06-27","s44379-025-00015-1.md","From PINNs to PIKANs: recent advances in physics-informed machine learning","Toscano, Oommen, Varghese, Zou, Ahmadi Daryakenari, Wu, Karniadakis","2025","Machine Learning for Computational Science and Engineering (2025) 1:15","A comprehensive 43-page survey of eight years of PINN algorithmic advances organized across four pillars: (1) representation model modifications (Fourier feature expansions, KAN/PIKAN alternatives, residual connections, separable PINNs); (2) governing-equation treatment (alternative derivative methods, ODE/PDE reformulations, variational forms); (3) optimization process (adaptive global/local loss weights, domain decomposition, curriculum and stacked training); and (4) uncertainty quantification. Applications span biomedicine, fluid mechanics, geophysics, dynamical systems/control, heat transfer, and chemical engineering. Section 4.4 briefly covers PINN-NMPC for multi-link manipulators and quadrotor control; Section 3.3.2 introduces SNR-based gradient analysis identifying three training phases (fitting, diffusion, total diffusion) with implications for diagnostics.","(1) RBA local weights via EMA of residuals outperform earlier adaptive-weight schemes at minimal cost. (2) PIKANs using Chebyshev polynomials achieve comparable accuracy to MLPs with fewer parameters. (3) Separable PINNs achieve up to 100x speedup for high-dimensional PDEs. (4) Gradient SNR (mean/std of per-batch parameter gradients) identifies three training phases; best models reach total diffusion first. (5) Fine-tuning only last 1-2 layers after pre-training significantly improves transfer performance.","PINN survey,KAN,PIKAN,Fourier features,augmented Lagrangian,residual-based attention,curriculum training,transfer learning,SNR gradient monitoring,adaptive loss weights,multi-link manipulator","1","1","N1-PIKANs: PIKANs (Chebyshev KAN basis) as PINN representation model -- REJECT (violates Mish/Softplus smoothness constraint; KAN already rejected as N3-SPEL). N2-SNRDiag: Batch-wise gradient SNR monitoring (SNR = ||E[grad_theta L_B]||_2 / ||std[grad_theta L_B]||_2) to detect augmented Lagrangian training phase transitions -- INVESTIGATE (low-effort diagnostic addition to training/train.py; serves Goal 3 training stability).","N1: none; N2: Goal 3","no","no -- review paper; no implementation code","Broad PDE-solving survey (43 pages; 415+ references). Section 4.4 covers robotics only superficially: PINN-NMPC for multi-link manipulators [278] and quadrotors [281-282] in MPC context only; no Franka-specific content. Most reviewed algorithms validate existing project choices: sin/cos encoding by Fourier feature expansion literature; augmented Lagrangian by hard-constraint literature; frozen-backbone fine-tuning (N3-Duong) by transfer-learning refs [147-151]; EMA local weights (N2-WhenPhysics) by RBA literature [168]. No Mish/Softplus analysis. KANs extensively analyzed but rejected for project. SNR diagnostic (N2-SNRDiag) is the only non-redundant actionable item; it is a training diagnostic not a physics contribution."
"2026-06-30","1907.04489v2.md","Deep Lagrangian Networks for end-to-end learning of energy-based control for under-actuated systems","Lutter, Listmann, Peters","2019","IROS 2019 (IEEE/RSJ International Conference on Intelligent Robots and Systems)","Extends Deep Lagrangian Networks (DeLaN) to enforce energy conservation and C¹ energy coherence via a Cholesky-factored mass matrix (H=LL^T+εI) and a parametric Stribeck friction model with 4 learnable coefficients per joint, enabling energy-based swing-up control at 500 Hz on physical 2-DoF under-actuated systems (Cartpole, Furuta pendulum) without any prior knowledge of the kinematic structure.","(1) DeLaN 4EC is the only method achieving swing-up on the physical Furuta pendulum (90% success) where white-box system identification fails (0%). (2) Comparable nMSE to analytic manufacturer model in simulation; lower nMSE on physical systems. (3) Energy conservation and passivity guaranteed on training domain at sufficiently low training error. (4) No URDF or kinematic tree needed — mass matrix, gravity, Coriolis, friction all learned from {q,q̇,q̈,τ_M} data.","Deep Lagrangian Networks,energy-based control,Cholesky mass matrix,passivity,energy conservation,Stribeck friction,under-actuated systems,physics-structured neural network","1","1","N1-DeLaN4EC: Energy coherence constraint C¹ continuity loss on T and V (REJECT — requires explicit T/V heads; RNEA grey-box does not expose kinetic/potential energy separately; redesign would break RNEA-intact invariant). N2-DeLaN4EC: Joint forward+inverse model consistency loss (REJECT — requires H^{-1} at 7-DoF each training step; violates RNEA-intact invariant; same reason as N1-Liu RK4 rejection). N3-DeLaN4EC: Parametric Stribeck friction with 4 learnable scalars per joint (REJECT — contains sign(q̇) non-smooth discontinuity violating Mish/Softplus constraint; diagonal FrictionNet N2-Liu already merged and more flexible).","N1: Goal 3; N2: Goal 3; N3: Goal 3","no","no","FOUNDATIONAL PREDECESSOR of the grey-box Lagrangian lineage (DeLaN → Liu 2024 → this project). All novelties blocked: N1 and N2 require dismantling the RNEA white-box; N3 violates smoothness constraint. Validated 2-DoF at 500 Hz only (below 7-DoF 1 kHz target). Cholesky L L^T+εI already documented as N1-Duong (closed). Passivity/dissipativity already in constraints.py. Cite in PAPER_DRAFT.md Related Work as origin of the Lagrangian neural network lineage predating Liu 2024."
"2026-06-30","1907.04490v1.md","Deep Lagrangian Networks: Using Physics as Model Prior for Deep Learning","Lutter, Ritter, Peters","2019","ICLR 2019","DeLaN bakes the Euler-Lagrange equation into a network topology by representing the inertia matrix H(q) as a Cholesky product L(q)L(q)^T with Softplus diagonal and additive bias for strict positive definiteness; gravity g(q) is a separate head. A custom Lagrangian layer computes all required spatial and temporal derivatives in a single forward pass, enabling online use at 500 Hz. Validated on simulated 2-DoF and physical 7-DoF Barrett WAM without any URDF or kinematic prior.","(1) Recovers H, C, g components from superimposed training torques without explicit component labels. (2) Better extrapolation to unseen velocities than FF-NN on simulated 2-DoF. (3) Surpasses analytic system-identification baseline on physical Barrett WAM (noise robustness). (4) Feedforward updates at 200 Hz inside 500 Hz control loop.","Deep Lagrangian Networks,Cholesky inertia matrix,inverse dynamics learning,Euler-Lagrange prior,online model-based control,positive-definite inertia matrix,sample efficiency,velocity extrapolation","1","1","N1-DeLaN: Cholesky L(q)L(q)^T with Softplus diagonal for inertia matrix H(q) (REJECT — RNEA provides H analytically from URDF; no need to learn or parameterize it; Cholesky concept already exploited for FrictionNet via N2-Liu, merged). N2-DeLaN: Online concurrent in-loop model update at 200 Hz (REJECT — breaks stateless 1 kHz control invariant; conflicts with N3-Duong offline fine-tuning already merged; 200 Hz below 1 kHz target).","N1: none; N2: Goal 4 (weak)","partial — Cholesky concept covered by N1-Duong (closed) and N2-Liu FrictionNet (merged)","no","SEMINAL PAPER of the DeLaN lineage (ICLR 2019). Architecture fundamentally incompatible: learns full H,C,g from scratch without URDF (violates Goal 1 RNEA-intact invariant); uses ReLU (forbidden); operates at 200/500 Hz (below 1 kHz Goal 2); no payload conditioning; validated on cable-drive Barrett WAM (rigid-body assumption violated). Both novelties blocked. Highest value is bibliographic: original source validating Cholesky+Softplus diagonal for positive-definite physics matrices, corroborating N1-Duong and N2-Liu design decisions. Cite in PAPER_DRAFT.md Related Work as the foundational DeLaN predecessor predating Liu 2024."
"2026-06-30","2001.08861v4.md","Encoding Physical Constraints in Differentiable Newton-Euler Algorithm","Sutanto, Wang, Lin, Mukadam, Sukhatme, Rai, Meier","2020","L4DC 2020 (2nd Annual Conference on Learning for Dynamics and Control)","Re-implements RNEA as a differentiable PyTorch computation graph and proposes five re-parameterisations of per-link inertial parameters (unconstrained, symmetric, Cholesky-SPD, triangular-inequality, covariance) to guarantee physically consistent gradients throughout training. Per-joint viscous damping term (theta^2 per joint) added for real-robot experiments. Validated on simulated and real 7-DoF KUKA IIWA using Pinocchio for kinematics.","(1) DiffNEACov converges in 2 epochs vs 23 (MLP) and 58 (DeLaN). (2) Real KUKA IIWA end-effector NMSE 0.000-0.015 for DiffNEA variants vs 0.513 for DeLaN. (3) Covariance Cholesky (DiffNEACov) identified as preferred parameterisation. (4) Static friction explicitly noted as unmodelled gap — confirms role of augmented Lagrangian and FrictionNet.","differentiable RNEA,physically consistent inertial parameters,Cholesky inertia parameterisation,covariance pseudo-inertia,inverse dynamics learning,per-joint viscous damping,7-DoF manipulator,Pinocchio","1","1","N1-DiffNEA: Differentiable RNEA with learnable per-link inertial parameters (REJECT — directly violates RNEA-intact invariant; would replace frozen Pinocchio oracle with custom learnable RNEA, destroying Goal 1 URDF-to-model pipeline and eliminating white-box physics anchor). N2-DiffNEA: Per-joint theta^2 viscous damping scalar (REJECT — strictly weaker degraded variant of N2-Liu FrictionNet diagonal Softplus D already merged; theta^2 has gradient singularity at zero; Softplus is superior). N3-DiffNEA: Online batch-sequential payload adaptation via gradient descent on RNEA link inertials (REJECT — subsumed by dual payload-awareness already in project: _inject_payload/_restore_payload at inference time + delta input to tau_res; project approach is zero-latency and requires no gradient steps).","N1: none (contradicts Goal 1); N2: none; N3: none","no","yes — https://github.com/facebookresearch/differentiable-robot-model","ARCHITECTURALLY INCOMPATIBLE: entire paper thesis (learn RNEA parameters end-to-end) is precisely what CLAUDE.md forbids (RNEA frozen, never modified). All 3 novelties rejected. Secondary value: (1) confirms Pinocchio is appropriate for 7-DoF kinematics/dynamics (Goal 3); (2) Cholesky positive-definiteness corroborates N2-Liu FrictionNet design; (3) static friction identified as dominant unmodelled residual — exactly the gap FrictionNet + augmented Lagrangian closes; (4) confirms that fully differentiable RNEA is a known alternative that was deliberately rejected in favour of frozen white-box + learned residual. Cite in PAPER_DRAFT.md Related Work as evidence that the differentiable-RNEA path was explored and rejected."
